,eplet_num,allele_name,eplet_resid_nums
0,21,C*02:02,21
1,21,C*03:02,21
2,21,C*03:03,21
3,21,C*03:04,21
4,21,C*15:02,21
5,41,B*13:01,41
6,41,B*13:02,41
7,41,B*40:01,41
8,41,B*40:02,41
9,41,B*40:06,41
10,41,B*41:01,41
11,41,B*41:03,41
12,41,B*41:04,41
13,41,B*44:02,41
14,41,B*44:03,41
15,41,B*44:05,41
16,41,B*45:01,41
17,41,B*47:01,41
18,41,B*49:01,41
19,41,B*50:01,41
20,44,A*01:01,44 45
21,44,A*36:01,44 45
22,44,B*13:01,44 45 46
23,44,B*13:02,44 45 46
24,44,B*15:01,44 45 46
25,44,B*15:02,44 45 46
26,44,B*15:11,44 45 46
27,44,B*15:12,44 45 46
28,44,B*15:13,44 45 46
29,44,B*15:16,44 45 46
30,44,B*46:01,44 45 46
31,44,B*57:01,44 45 46
32,44,B*57:03,44 45 46
33,44,B*18:01,44 45
34,44,B*35:01,44 45
35,44,B*35:08,44 45
36,44,B*37:01,44 45
37,44,B*51:01,44 45
38,44,B*51:02,44 45
39,44,B*52:01,44 45
40,44,B*53:01,44 45
41,44,B*58:01,44 45
42,44,B*78:01,44 45
43,45,B*40:01,45 46
44,45,B*40:02,45 46
45,45,B*40:06,45 46
46,45,B*41:01,45 46
47,45,B*41:03,45 46
48,45,B*41:04,45 46
49,45,B*44:02,45 46
50,45,B*44:03,45 46
51,45,B*44:05,45 46
52,45,B*45:01,45 46
53,45,B*47:01,45 46
54,45,B*49:01,45 46
55,45,B*50:01,45 46
56,56,A*30:01,56
57,56,A*30:02,56
58,56,A*31:01,56
59,62,A*23:01,62 63
60,62,A*24:02,62 63
61,62,A*24:03,62 63
62,62,A*80:01,62 63
63,62,A*02:01,62 63
64,62,A*02:02,62 63
65,62,A*02:03,62 63
66,62,A*02:05,62 63
67,62,A*02:06,62 63
68,62,A*02:07,62 63
69,62,B*57:01,62 63
70,62,B*57:03,62 63
71,62,B*58:01,62 63
72,62,A*02:01,62 66
73,62,A*02:02,62 66
74,62,A*02:03,62 66
75,62,A*02:05,62 66
76,62,A*02:06,62 66
77,62,A*02:07,62 66
78,62,B*57:01,62 65 66
79,62,B*57:03,62 65 66
80,62,B*58:01,62 65 66
81,62,A*29:01,62 63
82,62,A*29:02,62 63
83,62,A*43:01,62 63
84,62,A*01:01,62 63
85,62,A*03:01,62 63
86,62,A*11:01,62 63
87,62,A*11:02,62 63
88,62,A*30:01,62 63
89,62,A*30:02,62 63
90,62,A*30:03,62 63
91,62,A*31:01,62 63
92,62,A*32:01,62 63
93,62,A*36:01,62 63
94,62,A*74:01,62 63
95,62,A*25:01,62 65
96,62,A*26:01,62 65
97,62,A*33:01,62 65
98,62,A*33:03,62 65
99,62,A*34:01,62 65
100,62,A*34:02,62 65
101,62,A*66:01,62 65
102,62,A*66:02,62 65
103,62,A*68:01,62 65
104,62,A*68:02,62 65
105,62,A*69:01,62 65
106,62,B*15:16,62 65
107,65,A*23:01,65 66
108,65,A*24:02,65 66
109,65,A*24:03,65 66
110,65,B*07:02,65 66 69
111,65,B*27:03,65 66 69
112,65,B*27:04,65 66 69
113,65,B*27:05,65 66 69
114,65,B*27:06,65 66 69
115,65,B*27:08,65 66 69
116,65,B*27:09,65 66 69
117,65,B*42:01,65 66 69
118,65,B*42:02,65 66 69
119,65,B*54:01,65 66 69
120,65,B*55:01,65 66 69
121,65,B*56:01,65 66 69
122,65,B*67:01,65 66 69
123,65,B*73:01,65 66 69
124,65,B*81:01,65 66 69
125,65,B*82:01,65 66 69
126,65,B*46:01,65 66 69
127,65,C*01:02,65 66 69
128,65,C*02:02,65 66 69
129,65,C*03:02,65 66 69
130,65,C*03:03,65 66 69
131,65,C*03:04,65 66 69
132,65,C*04:01,65 66 69
133,65,C*05:01,65 66 69
134,65,C*06:02,65 66 69
135,65,C*07:02,65 66 69
136,65,C*08:01,65 66 69
137,65,C*08:02,65 66 69
138,65,C*12:03,65 66 69
139,65,C*14:02,65 66 69
140,65,C*16:01,65 66 69
141,65,C*17:01,65 66 69
142,65,C*18:02,65 66 69
143,65,A*01:01,65 66 69
144,65,A*03:01,65 66 69
145,65,A*11:01,65 66 69
146,65,A*11:02,65 66 69
147,65,A*25:01,65 66 69
148,65,A*26:01,65 66 69
149,65,A*29:01,65 66 69
150,65,A*29:02,65 66 69
151,65,A*30:01,65 66 69
152,65,A*30:02,65 66 69
153,65,A*30:03,65 66 69
154,65,A*31:01,65 66 69
155,65,A*32:01,65 66 69
156,65,A*33:01,65 66 69
157,65,A*33:03,65 66 69
158,65,A*34:02,65 66 69
159,65,A*36:01,65 66 69
160,65,A*43:01,65 66 69
161,65,A*66:01,65 66 69
162,65,A*66:02,65 66 69
163,65,A*68:01,65 66 69
164,65,A*68:02,65 66 69
165,65,A*69:01,65 66 69
166,65,A*74:01,65 66 69
167,65,A*80:01,65 66 69
168,65,B*15:16,65 66 69
169,65,B*57:01,65 66 69
170,65,B*57:03,65 66 69
171,65,B*58:01,65 66 69
172,69,B*07:02,69 71
173,69,B*15:16,69 71
174,69,B*27:03,69 71
175,69,B*27:04,69 71
176,69,B*27:05,69 71
177,69,B*27:06,69 71
178,69,B*27:08,69 71
179,69,B*27:09,69 71
180,69,B*42:01,69 71
181,69,B*42:02,69 71
182,69,B*54:01,69 71
183,69,B*55:01,69 71
184,69,B*56:01,69 71
185,69,B*57:01,69 71
186,69,B*57:03,69 71
187,69,B*58:01,69 71
188,69,B*67:01,69 71
189,69,B*73:01,69 71
190,69,B*81:01,69 71
191,69,B*82:01,69 71
192,69,B*08:01,69 70 71
193,69,B*13:01,69 70 71
194,69,B*13:02,69 70 71
195,69,B*14:01,69 70 71
196,69,B*14:02,69 70 71
197,69,B*15:01,69 70 71
198,69,B*15:02,69 70 71
199,69,B*15:03,69 70 71
200,69,B*15:10,69 70 71
201,69,B*15:11,69 70 71
202,69,B*15:12,69 70 71
203,69,B*15:13,69 70 71
204,69,B*18:01,69 70 71
205,69,B*35:01,69 70 71
206,69,B*35:08,69 70 71
207,69,B*37:01,69 70 71
208,69,B*38:01,69 70 71
209,69,B*39:01,69 70 71
210,69,B*40:01,69 70 71
211,69,B*40:02,69 70 71
212,69,B*40:06,69 70 71
213,69,B*41:01,69 70 71
214,69,B*41:03,69 70 71
215,69,B*41:04,69 70 71
216,69,B*44:02,69 70 71
217,69,B*44:03,69 70 71
218,69,B*44:05,69 70 71
219,69,B*45:01,69 70 71
220,69,B*47:01,69 70 71
221,69,B*48:01,69 70 71
222,69,B*49:01,69 70 71
223,69,B*50:01,69 70 71
224,69,B*51:01,69 70 71
225,69,B*51:02,69 70 71
226,69,B*52:01,69 70 71
227,69,B*53:01,69 70 71
228,69,B*59:01,69 70 71
229,69,B*78:01,69 70 71
230,70,B*07:02,66 69 70
231,70,B*42:01,66 69 70
232,70,B*42:02,66 69 70
233,70,B*54:01,66 69 70
234,70,B*55:01,66 69 70
235,70,B*56:01,66 69 70
236,70,B*67:01,66 69 70
237,70,B*81:01,66 69 70
238,70,B*82:01,66 69 70
239,71,B*27:03,71 73 77
240,71,B*27:05,71 73 77
241,71,B*27:09,71 73 77
242,71,B*15:16,70 71
243,71,B*57:01,70 71
244,71,B*57:03,70 71
245,71,B*58:01,70 71
246,71,B*08:01,71 73 77
247,71,B*14:01,71 73 77
248,71,B*14:02,71 73 77
249,71,B*15:01,71 73 77
250,71,B*15:02,71 73 77
251,71,B*15:03,71 73 77
252,71,B*15:10,71 73 77
253,71,B*15:11,71 73 77
254,71,B*15:12,71 73 77
255,71,B*18:01,71 73 77
256,71,B*35:01,71 73 77
257,71,B*35:08,71 73 77
258,71,B*39:01,71 73 77
259,71,B*40:01,71 73 77
260,71,B*40:02,71 73 77
261,71,B*40:06,71 73 77
262,71,B*41:01,71 73 77
263,71,B*41:03,71 73 77
264,71,B*41:04,71 73 77
265,71,B*45:01,71 73 77
266,71,B*48:01,71 73 77
267,71,B*50:01,71 73 77
268,71,B*78:01,71 73 77
269,73,C*04:01,73 77
270,73,C*06:02,73 77
271,73,C*17:01,73 77
272,73,C*18:02,73 77
273,73,B*46:01,73 76 77
274,73,C*01:02,73 76 77
275,73,C*03:02,73 76 77
276,73,C*03:03,73 76 77
277,73,C*03:04,73 76 77
278,73,C*08:01,73 76 77
279,73,C*08:02,73 76 77
280,73,C*14:02,73 76 77
281,73,C*16:01,73 76 77
282,76,A*01:01,76 77 80
283,76,A*26:01,76 77 80
284,76,A*29:01,76 77 80
285,76,A*29:02,76 77 80
286,76,A*36:01,76 77 80
287,76,A*43:01,76 77 80
288,76,A*80:01,76 77 80
289,76,A*30:02,76 79
290,76,A*30:03,76 79
291,76,A*25:01,76 77 80
292,76,A*32:01,76 77 80
293,76,B*07:02,76 77 80
294,76,B*08:01,76 77 80
295,76,B*14:01,76 77 80
296,76,B*14:02,76 77 80
297,76,B*15:01,76 77 80
298,76,B*15:02,76 77 80
299,76,B*15:03,76 77 80
300,76,B*15:10,76 77 80
301,76,B*15:11,76 77 80
302,76,B*15:12,76 77 80
303,76,B*18:01,76 77 80
304,76,B*27:08,76 77 80
305,76,B*35:01,76 77 80
306,76,B*35:08,76 77 80
307,76,B*39:01,76 77 80
308,76,B*40:01,76 77 80
309,76,B*40:02,76 77 80
310,76,B*40:06,76 77 80
311,76,B*41:01,76 77 80
312,76,B*41:03,76 77 80
313,76,B*41:04,76 77 80
314,76,B*42:01,76 77 80
315,76,B*42:02,76 77 80
316,76,B*45:01,76 77 80
317,76,B*48:01,76 77 80
318,76,B*50:01,76 77 80
319,76,B*54:01,76 77 80
320,76,B*55:01,76 77 80
321,76,B*56:01,76 77 80
322,76,B*67:01,76 77 80
323,76,B*78:01,76 77 80
324,76,B*81:01,76 77 80
325,76,B*82:01,76 77 80
326,76,B*46:01,76 79 80
327,76,B*73:01,76 79 80
328,76,C*01:02,76 79 80
329,76,C*03:02,76 79 80
330,76,C*03:03,76 79 80
331,76,C*03:04,76 79 80
332,76,C*07:02,76 79 80
333,76,C*08:01,76 79 80
334,76,C*08:02,76 79 80
335,76,C*12:03,76 79 80
336,76,C*14:02,76 79 80
337,76,C*16:01,76 79 80
338,79,A*01:01,79 80
339,79,A*02:01,79 80
340,79,A*02:02,79 80
341,79,A*02:03,79 80
342,79,A*02:05,79 80
343,79,A*02:06,79 80
344,79,A*02:07,79 80
345,79,A*03:01,79 80
346,79,A*11:01,79 80
347,79,A*11:02,79 80
348,79,A*26:01,79 80
349,79,A*29:01,79 80
350,79,A*29:02,79 80
351,79,A*30:01,79 80
352,79,A*30:02,79 80
353,79,A*30:03,79 80
354,79,A*31:01,79 80
355,79,A*33:01,79 80
356,79,A*33:03,79 80
357,79,A*34:01,79 80
358,79,A*34:02,79 80
359,79,A*36:01,79 80
360,79,A*43:01,79 80
361,79,A*66:01,79 80
362,79,A*66:02,79 80
363,79,A*68:01,79 80
364,79,A*68:02,79 80
365,79,A*69:01,79 80
366,79,A*74:01,79 80
367,79,A*80:01,79 80
368,80,A*23:01,80
369,80,A*24:02,80
370,80,A*24:03,80
371,80,A*25:01,80
372,80,A*32:01,80
373,80,B*15:13,80
374,80,B*15:16,80
375,80,B*38:01,80
376,80,B*49:01,80
377,80,B*51:01,80
378,80,B*51:02,80
379,80,B*52:01,80
380,80,B*53:01,80
381,80,B*57:01,80
382,80,B*57:03,80
383,80,B*58:01,80
384,80,B*59:01,80
385,80,C*02:02,80
386,80,C*04:01,80
387,80,C*05:01,80
388,80,C*06:02,80
389,80,C*15:02,80
390,80,C*17:01,80
391,80,C*18:02,80
392,80,B*07:02,80
393,80,B*08:01,80
394,80,B*14:01,80
395,80,B*14:02,80
396,80,B*15:01,80
397,80,B*15:02,80
398,80,B*15:03,80
399,80,B*15:10,80
400,80,B*15:11,80
401,80,B*15:12,80
402,80,B*18:01,80
403,80,B*27:08,80
404,80,B*35:01,80
405,80,B*35:08,80
406,80,B*39:01,80
407,80,B*40:01,80
408,80,B*40:02,80
409,80,B*40:06,80
410,80,B*41:01,80
411,80,B*41:03,80
412,80,B*41:04,80
413,80,B*42:01,80
414,80,B*42:02,80
415,80,B*45:01,80
416,80,B*46:01,80
417,80,B*48:01,80
418,80,B*50:01,80
419,80,B*54:01,80
420,80,B*55:01,80
421,80,B*56:01,80
422,80,B*67:01,80
423,80,B*73:01,80
424,80,B*78:01,80
425,80,B*81:01,80
426,80,B*82:01,80
427,80,C*01:02,80
428,80,C*03:02,80
429,80,C*03:03,80
430,80,C*03:04,80
431,80,C*07:02,80
432,80,C*08:01,80
433,80,C*08:02,80
434,80,C*12:03,80
435,80,C*14:02,80
436,80,C*16:01,80
437,80,B*13:01,80 82 83
438,80,B*13:02,80 82 83
439,80,B*27:03,80 82 83
440,80,B*27:04,80 82 83
441,80,B*27:05,80 82 83
442,80,B*27:06,80 82 83
443,80,B*27:09,80 82 83
444,80,B*37:01,80 82 83
445,80,B*44:02,80 82 83
446,80,B*44:03,80 82 83
447,80,B*44:05,80 82 83
448,80,B*47:01,80 82 83
449,82,A*23:01,82 83
450,82,A*24:02,82 83
451,82,A*24:03,82 83
452,82,A*25:01,82 83
453,82,A*32:01,82 83
454,82,B*13:01,82 83
455,82,B*13:02,82 83
456,82,B*15:13,82 83
457,82,B*15:16,82 83
458,82,B*27:03,82 83
459,82,B*27:04,82 83
460,82,B*27:05,82 83
461,82,B*27:06,82 83
462,82,B*27:09,82 83
463,82,B*37:01,82 83
464,82,B*38:01,82 83
465,82,B*44:02,82 83
466,82,B*44:03,82 83
467,82,B*44:05,82 83
468,82,B*47:01,82 83
469,82,B*49:01,82 83
470,82,B*51:01,82 83
471,82,B*51:02,82 83
472,82,B*52:01,82 83
473,82,B*53:01,82 83
474,82,B*57:01,82 83
475,82,B*57:03,82 83
476,82,B*58:01,82 83
477,82,B*59:01,82 83
478,90,A*01:01,90
479,90,A*11:01,90
480,90,A*11:02,90
481,90,A*25:01,90
482,90,A*26:01,90
483,90,A*34:01,90
484,90,A*34:02,90
485,90,A*36:01,90
486,90,A*43:01,90
487,90,A*66:01,90
488,90,A*80:01,90
489,90,B*73:01,90
490,90,C*04:01,90
491,90,C*06:02,90
492,90,C*07:02,90
493,90,C*18:02,90
494,107,A*02:01,107
495,107,A*02:02,107
496,107,A*02:03,107
497,107,A*02:05,107
498,107,A*02:06,107
499,107,A*02:07,107
500,107,A*69:01,107
501,127,A*02:01,127
502,127,A*02:02,127
503,127,A*02:03,127
504,127,A*02:05,127
505,127,A*02:06,127
506,127,A*02:07,127
507,127,A*23:01,127
508,127,A*24:02,127
509,127,A*24:03,127
510,127,A*68:01,127
511,127,A*68:02,127
512,127,A*69:01,127
513,131,B*13:01,131
514,131,B*13:02,131
515,131,B*14:01,131
516,131,B*14:02,131
517,131,B*15:01,131
518,131,B*15:02,131
519,131,B*15:03,131
520,131,B*15:10,131
521,131,B*15:11,131
522,131,B*15:12,131
523,131,B*15:13,131
524,131,B*15:16,131
525,131,B*18:01,131
526,131,B*27:03,131
527,131,B*27:04,131
528,131,B*27:05,131
529,131,B*27:06,131
530,131,B*27:08,131
531,131,B*27:09,131
532,131,B*35:01,131
533,131,B*35:08,131
534,131,B*37:01,131
535,131,B*38:01,131
536,131,B*39:01,131
537,131,B*44:02,131
538,131,B*44:03,131
539,131,B*44:05,131
540,131,B*45:01,131
541,131,B*46:01,131
542,131,B*47:01,131
543,131,B*49:01,131
544,131,B*50:01,131
545,131,B*51:01,131
546,131,B*51:02,131
547,131,B*52:01,131
548,131,B*53:01,131
549,131,B*54:01,131
550,131,B*55:01,131
551,131,B*56:01,131
552,131,B*57:01,131
553,131,B*57:03,131
554,131,B*58:01,131
555,131,B*59:01,131
556,131,B*67:01,131
557,131,B*78:01,131
558,131,B*82:01,131
559,138,C*05:01,138
560,138,C*08:02,138
561,138,A*01:01,138 142
562,138,A*03:01,138 142
563,138,A*11:01,138 142
564,138,A*11:02,138 142
565,138,A*23:01,138 142
566,138,A*24:02,138 142
567,138,A*24:03,138 142
568,138,A*25:01,138 142
569,138,A*26:01,138 142
570,138,A*29:01,138 142
571,138,A*29:02,138 142
572,138,A*30:01,138 142
573,138,A*30:02,138 142
574,138,A*30:03,138 142
575,138,A*31:01,138 142
576,138,A*32:01,138 142
577,138,A*33:01,138 142
578,138,A*33:03,138 142
579,138,A*34:01,138 142
580,138,A*34:02,138 142
581,138,A*36:01,138 142
582,138,A*43:01,138 142
583,138,A*66:01,138 142
584,138,A*66:02,138 142
585,138,A*74:01,138 142
586,138,A*80:01,138 142
587,143,B*40:01,143
588,143,B*48:01,143
589,143,B*81:01,143
590,143,C*17:01,143
591,144,A*01:01,144
592,144,A*02:01,144
593,144,A*02:02,144
594,144,A*02:03,144
595,144,A*02:05,144
596,144,A*02:06,144
597,144,A*02:07,144
598,144,A*03:01,144
599,144,A*11:01,144
600,144,A*11:02,144
601,144,A*24:02,144
602,144,A*24:03,144
603,144,A*36:01,144
604,144,A*68:01,144
605,144,A*68:02,144
606,144,A*69:01,144
607,144,A*80:01,144
608,144,A*01:01,144 145
609,144,A*03:01,144 145
610,144,A*11:01,144 145
611,144,A*11:02,144 145
612,144,A*24:02,144 145
613,144,A*24:03,144 145
614,144,A*36:01,144 145
615,144,A*80:01,144 145
616,144,B*13:01,144 145
617,144,B*13:02,144 145
618,144,A*02:01,142 144 145
619,144,A*02:02,142 144 145
620,144,A*02:03,142 144 145
621,144,A*02:05,142 144 145
622,144,A*02:06,142 144 145
623,144,A*02:07,142 144 145
624,144,A*68:01,142 144 145
625,144,A*68:02,142 144 145
626,144,A*69:01,142 144 145
627,145,A*02:01,144 145 149
628,145,A*02:02,144 145 149
629,145,A*02:05,144 145 149
630,145,A*02:06,144 145 149
631,145,A*02:07,144 145 149
632,145,A*68:01,144 145 149
633,145,A*68:02,144 145 149
634,145,A*69:01,144 145 149
635,145,A*25:01,145 149
636,145,A*26:01,145 149
637,145,A*34:01,145 149
638,145,A*34:02,145 149
639,145,A*43:01,145 149
640,145,A*66:01,145 149
641,145,A*66:02,145 149
642,149,A*02:03,149 150 151
643,149,A*25:01,149 150 151
644,149,A*26:01,149 150 151
645,149,A*34:01,149 150 151
646,149,A*34:02,149 150 151
647,149,A*43:01,149 150 151
648,149,A*66:01,149 150 151
649,149,A*66:02,149 150 151
650,150,A*02:01,149 150 151
651,150,A*02:02,149 150 151
652,150,A*02:05,149 150 151
653,150,A*02:06,149 150 151
654,150,A*02:07,149 150 151
655,150,A*03:01,149 150 151
656,150,A*11:01,149 150 151
657,150,A*11:02,149 150 151
658,150,A*24:02,149 150 151
659,150,A*24:03,149 150 151
660,150,A*68:01,149 150 151
661,150,A*68:02,149 150 151
662,150,A*69:01,149 150 151
663,151,A*11:01,150 151 152
664,151,A*11:02,150 151 152
665,156,B*08:01,156 158
666,156,B*37:01,156 158
667,156,B*41:01,156 158
668,156,B*41:03,156 158
669,156,B*41:04,156 158
670,156,B*42:01,156 158
671,156,B*42:02,156 158
672,156,B*44:02,156 158
673,156,B*44:05,156 158
674,156,B*45:01,156 158
675,156,B*82:01,156 158
676,158,B*38:01,158
677,158,B*39:01,158
678,158,B*67:01,158
679,161,A*03:01,161
680,163,A*66:02,163 167
681,163,B*07:02,163 167
682,163,B*13:01,163 167
683,163,B*13:02,163 167
684,163,B*27:03,163 167
685,163,B*27:04,163 167
686,163,B*27:05,163 167
687,163,B*27:06,163 167
688,163,B*27:08,163 167
689,163,B*27:09,163 167
690,163,B*40:01,163 167
691,163,B*40:02,163 167
692,163,B*40:06,163 167
693,163,B*47:01,163 167
694,163,B*48:01,163 167
695,163,B*73:01,163 167
696,163,B*81:01,163 167
697,163,C*02:02,163 167
698,163,C*17:01,163 167
699,163,B*15:12,163 167
700,163,B*44:02,163 167
701,163,B*44:03,163 167
702,163,B*44:05,163 167
703,163,B*45:01,163 167
704,163,B*82:01,163 167
705,163,B*15:01,163 167
706,163,B*15:02,163 167
707,163,B*15:03,163 167
708,163,B*15:10,163 167
709,163,B*15:11,163 167
710,163,B*15:13,163 167
711,163,B*15:16,163 167
712,163,B*35:01,163 167
713,163,B*35:08,163 167
714,163,B*46:01,163 167
715,163,B*49:01,163 167
716,163,B*50:01,163 167
717,163,B*51:01,163 167
718,163,B*51:02,163 167
719,163,B*52:01,163 167
720,163,B*53:01,163 167
721,163,B*56:01,163 167
722,163,B*57:01,163 167
723,163,B*57:03,163 167
724,163,B*58:01,163 167
725,163,B*78:01,163 167
726,163,C*03:02,163 167
727,163,C*03:03,163 167
728,163,C*03:04,163 167
729,163,A*01:01,163
730,163,A*11:01,163
731,163,A*11:02,163
732,163,A*25:01,163
733,163,A*26:01,163
734,163,A*43:01,163
735,163,A*66:01,163
736,163,A*01:01,163 167
737,163,A*11:01,163 167
738,163,A*11:02,163 167
739,163,A*25:01,163 167
740,163,A*26:01,163 167
741,163,A*43:01,163 167
742,163,A*66:01,163 167
743,166,A*01:01,166 167
744,166,A*23:01,166 167
745,166,A*24:02,166 167
746,166,A*80:01,166 167
747,166,B*15:12,166 167
748,173,C*03:02,173
749,173,C*03:03,173
750,173,C*03:04,173
751,177,C*05:01,177 178
752,177,C*08:01,177 178
753,177,C*08:02,177 178
754,180,B*07:02,180
755,180,B*08:01,180
756,180,B*40:01,180
757,180,B*41:01,180
758,180,B*41:03,180
759,180,B*41:04,180
760,180,B*42:01,180
761,180,B*42:02,180
762,180,B*48:01,180
763,180,B*81:01,180
764,193,C*07:02,193 194
765,193,B*35:01,193 194
766,193,B*35:08,193 194
767,193,B*51:01,193 194
768,193,B*51:02,193 194
769,193,B*52:01,193 194
770,193,B*53:01,193 194
771,193,B*58:01,193 194
772,193,B*78:01,193 194
773,193,C*01:02,193 194
774,193,C*02:02,193 194
775,193,C*03:02,193 194
776,193,C*03:03,193 194
777,193,C*03:04,193 194
778,193,C*04:01,193 194
779,193,C*05:01,193 194
780,193,C*06:02,193 194
781,193,C*08:01,193 194
782,193,C*08:02,193 194
783,193,C*12:03,193 194
784,193,C*14:02,193 194
785,193,C*15:02,193 194
786,193,C*17:01,193 194
787,193,C*18:02,193 194
788,219,C*01:02,219
789,219,C*03:02,219
790,219,C*03:03,219
791,219,C*03:04,219
792,219,C*04:01,219
793,219,C*14:02,219
794,219,C*18:02,219
795,248,C*01:02,248
796,253,A*02:01,253
797,253,A*02:02,253
798,253,A*02:03,253
799,253,A*02:05,253
800,253,A*02:06,253
801,253,A*02:07,253
802,253,A*25:01,253
803,253,A*26:01,253
804,253,A*29:01,253
805,253,A*29:02,253
806,253,A*31:01,253
807,253,A*32:01,253
808,253,A*33:01,253
809,253,A*33:03,253
810,253,A*34:01,253
811,253,A*34:02,253
812,253,A*43:01,253
813,253,A*66:01,253
814,253,A*66:02,253
815,253,A*68:01,253
816,253,A*68:02,253
817,253,A*69:01,253
818,253,A*74:01,253
819,253,B*73:01,253
820,253,C*07:02,253
821,253,C*17:01,253
822,267,B*73:01,267 268
823,267,C*07:02,267 268
824,267,C*17:01,267 268
825,4,DRB1*07:01,4
826,4,DRB1*09:01,4
827,4,DRB4*01:01,4
828,4,DRB4*01:03,4
829,4,DRB1*01:01,4
830,4,DRB1*01:02,4
831,4,DRB1*01:03,4
832,4,DRB1*03:01,4
833,4,DRB1*03:02,4
834,4,DRB1*04:01,4
835,4,DRB1*04:02,4
836,4,DRB1*04:03,4
837,4,DRB1*04:04,4
838,4,DRB1*04:05,4
839,4,DRB1*08:01,4
840,4,DRB1*10:01,4
841,4,DRB1*11:01,4
842,4,DRB1*11:04,4
843,4,DRB1*12:01,4
844,4,DRB1*12:02,4
845,4,DRB1*13:01,4
846,4,DRB1*13:03,4
847,4,DRB1*14:01,4
848,4,DRB1*14:02,4
849,4,DRB1*14:54,4
850,4,DRB1*15:01,4
851,4,DRB1*15:02,4
852,4,DRB1*15:03,4
853,4,DRB1*16:01,4
854,4,DRB1*16:02,4
855,4,DRB3*01:01,4
856,4,DRB3*02:02,4
857,4,DRB3*03:01,4
858,4,DRB5*01:01,4
859,4,DRB5*02:02,4
860,11,DRB1*03:01,9 10 11 12 13
861,11,DRB1*03:02,9 10 11 12 13
862,11,DRB1*11:01,9 10 11 12 13
863,11,DRB1*11:04,9 10 11 12 13
864,11,DRB1*13:01,9 10 11 12 13
865,11,DRB1*13:03,9 10 11 12 13
866,11,DRB1*14:01,9 10 11 12 13
867,11,DRB1*14:02,9 10 11 12 13
868,11,DRB1*14:54,9 10 11 12 13
869,13,DRB1*01:01,13 14
870,13,DRB1*01:02,13 14
871,13,DRB1*01:03,13 14
872,13,DRB1*09:01,13 14
873,13,DRB1*09:02,13 14
874,13,DRB1*10:01,13 14
875,16,DRB1*08:01,16 25
876,16,DRB1*12:01,16 25
877,16,DRB1*12:02,16 25
878,25,DRB1*07:01,25 30 14
879,25,DRB1*01:01,25
880,25,DRB1*01:02,25
881,25,DRB1*01:03,25
882,25,DRB1*03:01,25
883,25,DRB1*03:02,25
884,25,DRB1*04:01,25
885,25,DRB1*04:02,25
886,25,DRB1*04:03,25
887,25,DRB1*04:04,25
888,25,DRB1*04:05,25
889,25,DRB1*08:01,25
890,25,DRB1*09:01,25
891,25,DRB1*09:02,25
892,25,DRB1*10:01,25
893,25,DRB1*11:01,25
894,25,DRB1*11:04,25
895,25,DRB1*12:01,25
896,25,DRB1*12:02,25
897,25,DRB1*13:01,25
898,25,DRB1*13:03,25
899,25,DRB1*14:01,25
900,25,DRB1*14:02,25
901,25,DRB1*14:54,25
902,25,DRB1*15:01,25
903,25,DRB1*15:02,25
904,25,DRB1*15:03,25
905,25,DRB1*16:01,25
906,25,DRB1*16:02,25
907,25,DRB3*01:01,25
908,25,DRB3*02:02,25
909,25,DRB3*03:01,25
910,25,DRB5*01:01,25
911,25,DRB5*02:02,25
912,30,DRB1*01:01,30
913,30,DRB1*01:02,30
914,30,DRB1*01:03,30
915,30,DRB1*10:01,30 31 10
916,37,DRB1*12:01,37
917,37,DRB1*12:02,37
918,37,DRB1*04:01,37 38
919,37,DRB1*04:02,37 38
920,37,DRB1*04:03,37 38
921,37,DRB1*04:04,37 38
922,37,DRB1*04:05,37 38
923,37,DRB1*08:01,37 38
924,37,DRB1*11:01,37 38
925,37,DRB1*11:04,37 38
926,37,DRB1*13:03,37 38
927,47,DRB1*03:01,47 48
928,47,DRB1*11:01,47 48
929,47,DRB1*11:04,47 48
930,47,DRB1*12:01,47 48
931,47,DRB1*12:02,47 48
932,47,DRB1*13:01,47 48
933,47,DRB1*15:01,47 48
934,47,DRB1*15:02,47 48
935,47,DRB1*15:03,47 48
936,48,DRB4*01:01,48 18 25 26 41 44 81
937,48,DRB4*01:03,48 18 25 26 41 44 81
938,51,DRB3*02:02,51
939,57,DRB1*11:01,57 58
940,57,DRB1*11:04,57 58
941,57,DRB1*04:05,57 58 60
942,57,DRB1*08:01,57 58 60
943,57,DRB1*13:03,57 58 60
944,57,DRB1*07:01,57 58 60
945,57,DRB1*09:01,57 58 60
946,57,DRB1*12:01,57 58 60
947,57,DRB1*12:02,57 58 60
948,57,DRB3*01:01,57 58 60
949,57,DRB3*03:01,57 58 60
950,67,DRB1*01:01,67 70
951,67,DRB1*01:02,67 70
952,67,DRB1*03:01,67 70
953,67,DRB1*03:02,67 70
954,67,DRB1*04:01,67 70
955,67,DRB1*04:03,67 70
956,67,DRB1*04:04,67 70
957,67,DRB1*04:05,67 70
958,67,DRB1*14:02,67 70
959,67,DRB3*01:01,67 70
960,67,DRB3*02:02,67 70
961,67,DRB3*03:01,67 70
962,70,DRB1*01:03,70
963,70,DRB1*04:02,70
964,70,DRB1*07:01,70
965,70,DRB1*08:01,70
966,70,DRB1*11:01,70
967,70,DRB1*11:04,70
968,70,DRB1*12:01,70
969,70,DRB1*12:02,70
970,70,DRB1*13:01,70
971,70,DRB1*13:03,70
972,70,DRB1*16:01,70
973,70,DRB1*16:02,70
974,70,DRB5*01:01,70
975,70,DRB1*01:03,70 73
976,70,DRB1*04:02,70 73
977,70,DRB1*08:01,70 73
978,70,DRB1*11:01,70 73
979,70,DRB1*11:04,70 73
980,70,DRB1*12:01,70 73
981,70,DRB1*12:02,70 73
982,70,DRB1*13:01,70 73
983,70,DRB1*13:03,70 73
984,70,DRB1*16:01,70 73
985,70,DRB1*16:02,70 73
986,70,DRB5*01:01,70 73
987,70,DRB1*01:01,70 77
988,70,DRB1*01:02,70 77
989,70,DRB1*04:01,70 77
990,70,DRB1*04:03,70 77
991,70,DRB1*04:04,70 77
992,70,DRB1*04:05,70 77
993,70,DRB1*14:02,70 77
994,70,DRB1*15:01,70 77
995,70,DRB1*15:02,70 77
996,70,DRB1*15:03,70 77
997,70,DRB5*02:02,70 77
998,70,DRB1*09:01,70 71
999,70,DRB1*09:02,70 71
1000,70,DRB1*10:01,70 71
1001,70,DRB1*14:01,70 71
1002,70,DRB1*14:54,70 71
1003,70,DRB4*01:01,70 71
1004,70,DRB4*01:03,70 71
1005,73,DRB1*01:01,73 77
1006,73,DRB1*01:02,73 77
1007,73,DRB1*01:03,73 77
1008,73,DRB1*04:01,73 77
1009,73,DRB1*04:02,73 77
1010,73,DRB1*04:03,73 77
1011,73,DRB1*04:04,73 77
1012,73,DRB1*04:05,73 77
1013,73,DRB1*08:01,73 77
1014,73,DRB1*09:01,73 77
1015,73,DRB1*09:02,73 77
1016,73,DRB1*10:01,73 77
1017,73,DRB1*11:01,73 77
1018,73,DRB1*11:04,73 77
1019,73,DRB1*12:01,73 77
1020,73,DRB1*12:02,73 77
1021,73,DRB1*13:01,73 77
1022,73,DRB1*13:03,73 77
1023,73,DRB1*14:01,73 77
1024,73,DRB1*14:02,73 77
1025,73,DRB1*14:54,73 77
1026,73,DRB1*15:01,73 77
1027,73,DRB1*15:02,73 77
1028,73,DRB1*15:03,73 77
1029,73,DRB1*16:01,73 77
1030,73,DRB1*16:02,73 77
1031,73,DRB4*01:01,73 77
1032,73,DRB4*01:03,73 77
1033,73,DRB5*01:01,73 77
1034,73,DRB5*02:02,73 77
1035,74,DRB1*03:01,70 73 74
1036,74,DRB1*03:02,70 73 74
1037,74,DRB3*01:01,70 73 74
1038,77,DRB1*03:01,73 77 78
1039,77,DRB1*03:02,73 77 78
1040,77,DRB3*01:01,73 77 78
1041,77,DRB3*02:02,73 77 78
1042,77,DRB3*03:01,73 77 78
1043,77,DRB1*01:01,77
1044,77,DRB1*01:02,77
1045,77,DRB1*01:03,77
1046,77,DRB1*04:01,77
1047,77,DRB1*04:02,77
1048,77,DRB1*04:03,77
1049,77,DRB1*04:04,77
1050,77,DRB1*04:05,77
1051,77,DRB1*07:01,77
1052,77,DRB1*08:01,77
1053,77,DRB1*09:01,77
1054,77,DRB1*09:02,77
1055,77,DRB1*10:01,77
1056,77,DRB1*11:01,77
1057,77,DRB1*11:04,77
1058,77,DRB1*12:01,77
1059,77,DRB1*12:02,77
1060,77,DRB1*13:01,77
1061,77,DRB1*13:03,77
1062,77,DRB1*14:01,77
1063,77,DRB1*14:02,77
1064,77,DRB1*14:54,77
1065,77,DRB1*15:01,77
1066,77,DRB1*15:02,77
1067,77,DRB1*15:03,77
1068,77,DRB1*16:01,77
1069,77,DRB1*16:02,77
1070,77,DRB4*01:01,77
1071,77,DRB4*01:03,77
1072,77,DRB5*01:01,77
1073,77,DRB5*02:02,77
1074,96,DRB1*01:01,96 98 180
1075,96,DRB1*01:02,96 98 180
1076,96,DRB1*01:03,96 98 180
1077,96,DRB5*01:01,96 98 180
1078,96,DRB5*02:02,96 98 180
1079,96,DRB1*03:01,96 98 120
1080,96,DRB1*03:02,96 98 120
1081,96,DRB1*08:01,96 98 120
1082,96,DRB1*11:01,96 98 120
1083,96,DRB1*11:04,96 98 120
1084,96,DRB1*12:01,96 98 120
1085,96,DRB1*12:02,96 98 120
1086,96,DRB1*13:01,96 98 120
1087,96,DRB1*13:03,96 98 120
1088,96,DRB1*14:01,96 98 120
1089,96,DRB1*14:02,96 98 120
1090,96,DRB1*14:54,96 98 120
1091,96,DRB1*04:01,96
1092,96,DRB1*04:02,96
1093,96,DRB1*04:03,96
1094,96,DRB1*04:04,96
1095,96,DRB1*04:05,96
1096,98,DRB1*04:01,98
1097,98,DRB1*04:02,98
1098,98,DRB1*04:03,98
1099,98,DRB1*04:04,98
1100,98,DRB1*04:05,98
1101,98,DRB1*07:01,98
1102,98,DRB1*09:01,98
1103,98,DRB1*09:02,98
1104,98,DRB1*07:01,98 120
1105,98,DRB1*09:01,98 120
1106,98,DRB3*01:01,96 98 120
1107,98,DRB3*02:02,96 98 120
1108,98,DRB3*03:01,96 98 120
1109,104,DRB1*04:01,104
1110,104,DRB1*04:02,104
1111,104,DRB1*04:03,104
1112,104,DRB1*04:04,104
1113,104,DRB1*04:05,104
1114,104,DRB1*07:01,104
1115,104,DRB1*09:01,104
1116,104,DRB1*09:02,104
1117,104,DRB3*01:01,104
1118,104,DRB3*02:02,104
1119,104,DRB3*03:01,104
1120,104,DRB5*01:01,104
1121,104,DRB5*02:02,104
1122,108,DRB5*01:01,108
1123,108,DRB5*02:02,108
1124,142,DRB1*15:01,142
1125,142,DRB1*15:02,142
1126,142,DRB1*15:03,142
1127,142,DRB1*16:01,142
1128,142,DRB1*16:02,142
1129,181,DRB1*07:01,181
1130,181,DRB1*09:01,181
1131,181,DRB1*09:02,181
1132,181,DRB1*10:01,181
1133,181,DRB4*01:01,181
1134,181,DRB4*01:03,181
1135,45,DQB1*03:01,45 46 47
1136,45,DQB1*03:02,45 46
1137,45,DQB1*03:03,45 46
1138,45,DQB1*04:01,45 46
1139,45,DQB1*04:02,45 46
1140,45,DQB1*05:01,45 46
1141,45,DQB1*05:02,45 46
1142,45,DQB1*06:01,45 46
1143,45,DQB1*06:02,45 46
1144,45,DQB1*06:03,45 46
1145,45,DQB1*06:04,45 46
1146,45,DQB1*06:09,45 46
1147,46,DQB1*03:01,46 52 28
1148,46,DQB1*03:02,46 52 28
1149,46,DQB1*03:03,46 52 28
1150,46,DQB1*04:01,46 52 28
1151,46,DQB1*04:02,46 52 28
1152,46,DQB1*05:01,46 52 28
1153,46,DQB1*05:02,46 52 28
1154,46,DQB1*06:01,46 52 28
1155,46,DQB1*06:02,46 52 28
1156,46,DQB1*06:03,46 52 28
1157,46,DQB1*06:04,46 52 28
1158,46,DQB1*06:09,46 52 28
1159,52,DQB1*02:01,52 55 28 30 37
1160,52,DQB1*02:02,52 55 28 30 37
1161,52,DQB1*05:01,53 89 90
1162,52,DQB1*05:02,53 89 90
1163,52,DQB1*06:01,53 89 90
1164,52,DQB1*06:02,53 89 90
1165,52,DQB1*06:03,53 89 90
1166,52,DQB1*06:04,53 89 90
1167,52,DQB1*06:09,53 89 90
1168,55,DQB1*03:01,55 56
1169,55,DQB1*03:02,55 56
1170,55,DQB1*03:03,55 56
1171,55,DQB1*04:01,55
1172,55,DQB1*04:02,55
1173,55,DQB1*05:01,55
1174,55,DQB1*05:02,55
1175,55,DQB1*06:01,55
1176,55,DQB1*06:02,55
1177,55,DQB1*06:03,55
1178,55,DQB1*06:04,55
1179,55,DQB1*06:09,55
1180,56,DQB1*04:01,56 71
1181,56,DQB1*04:02,56 71
1182,57,DQB1*05:01,57
1183,57,DQB1*06:04,57
1184,57,DQB1*06:09,57
1185,74,DQB1*04:01,74 26
1186,74,DQB1*04:02,74 26
1187,74,DQB1*05:01,74 26
1188,74,DQB1*05:02,74 26
1189,77,DQB1*02:01,75 77
1190,77,DQB1*02:02,75 77
1191,77,DQB1*05:01,75 77
1192,77,DQB1*05:02,75 77
1193,77,DQB1*03:01,77
1194,77,DQB1*03:02,77
1195,77,DQB1*03:03,77
1196,77,DQB1*04:01,77
1197,77,DQB1*04:02,77
1198,77,DQB1*06:01,77
1199,77,DQB1*06:02,77
1200,77,DQB1*06:03,77
1201,77,DQB1*06:04,77
1202,77,DQB1*06:09,77
1203,84,DQB1*02:01,84 86 87 89 90 125
1204,84,DQB1*02:02,84 86 87 89 90 125
1205,84,DQB1*03:01,84 86 87 89 90 125
1206,84,DQB1*03:02,84 86 87 89 90 125
1207,84,DQB1*03:03,84 86 87 89 90 125
1208,84,DQB1*04:01,84 86 87 89 90 125
1209,84,DQB1*04:02,84 86 87 89 90 125
1210,87,DQB1*06:01,87
1211,87,DQB1*06:02,87
1212,87,DQB1*06:03,87
1213,87,DQB1*05:01,87
1214,87,DQB1*05:02,87
1215,87,DQB1*06:04,87
1216,87,DQB1*06:09,87
1217,116,DQB1*05:01,116 125
1218,116,DQB1*05:02,116 125
1219,125,DQB1*05:01,125 126
1220,182,DQB1*03:01,182
1221,182,DQB1*03:02,182
1222,182,DQB1*03:03,182
1223,182,DQB1*04:01,182
1224,182,DQB1*04:02,182
1225,182,DQB1*02:01,182
1226,182,DQB1*02:02,182
1227,182,DQB1*05:01,182
1228,182,DQB1*05:02,182
1229,182,DQB1*06:01,182
1230,182,DQB1*06:02,182
1231,182,DQB1*06:03,182
1232,182,DQB1*06:04,182
1233,182,DQB1*06:09,182
1234,2,DQA1*01:01,2 199
1235,2,DQA1*01:02,2 199
1236,2,DQA1*01:03,2 199
1237,2,DQA1*02:01,2 199
1238,2,DQA1*03:01,2 199
1239,2,DQA1*03:02,2 199
1240,2,DQA1*03:03,2 199
1241,2,DQA1*04:01,2 199
1242,2,DQA1*05:01,2 199
1243,2,DQA1*05:03,2 199
1244,2,DQA1*05:05,2 199
1245,2,DQA1*05:08,2 199
1246,2,DQA1*06:01,2 199
1247,40,DQA1*01:01,40
1248,40,DQA1*01:02,40
1249,40,DQA1*01:03,40
1250,40,DQA1*02:01,40
1251,40,DQA1*03:01,40
1252,40,DQA1*03:02,40
1253,40,DQA1*03:03,40
1254,40,DQA1*04:01,40 47 50 51
1255,40,DQA1*05:01,40 47 50 51
1256,40,DQA1*05:03,40 47 50 51
1257,40,DQA1*05:05,40 47 50 51
1258,40,DQA1*05:08,40 47 50 51
1259,40,DQA1*06:01,40 47 50 51
1260,47,DQA1*02:01,47 52 54
1261,52,DQA1*01:01,52 53 11 18 45 64 66 69 80
1262,52,DQA1*01:02,52 53 11 18 45 64 66 69 80
1263,52,DQA1*01:03,52 53 11 18 45 64 66 69 80
1264,60,DQA1*02:01,60 63 55
1265,61,DQA1*03:01,61 64 55
1266,61,DQA1*03:02,61 64 55
1267,61,DQA1*03:03,61 64 55
1268,60,DQA1*04:01,60 63 55
1269,60,DQA1*05:01,60 63 55
1270,60,DQA1*05:03,60 63 55
1271,60,DQA1*05:05,60 63 55
1272,60,DQA1*05:08,60 63 55
1273,60,DQA1*06:01,60 63 55
1274,74,DQA1*05:01,74 155 160 174
1275,74,DQA1*05:03,74 155 160 174
1276,74,DQA1*05:05,74 155 160 174
1277,74,DQA1*05:08,74 155 160 174
1278,76,DQA1*03:01,76 26 47 187
1279,76,DQA1*03:02,76 26 47 187
1280,76,DQA1*03:03,76 26 47 187
1281,35,DPB1*02:01,35 36
1282,35,DPB1*03:01,35 36
1283,35,DPB1*04:02,35 36
1284,35,DPB1*06:01,35 36
1285,35,DPB1*09:01,35 36
1286,35,DPB1*10:01,35 36
1287,35,DPB1*105:01,35 36
1288,35,DPB1*14:01,35 36
1289,35,DPB1*17:01,35 36
1290,35,DPB1*18:01,35 36
1291,35,DPB1*19:01,35 36
1292,35,DPB1*20:01,35 36
1293,35,DPB1*23:01,35 36
1294,56,DPB1*01:01,56
1295,56,DPB1*04:01,56
1296,56,DPB1*05:01,56
1297,56,DPB1*11:01,56
1298,56,DPB1*13:01,56
1299,56,DPB1*15:01,56
1300,56,DPB1*19:01,56
1301,56,DPB1*23:01,56
1302,56,DPB1*02:01,55 56
1303,56,DPB1*03:01,55 56
1304,56,DPB1*04:02,55 56
1305,56,DPB1*06:01,55 56
1306,56,DPB1*09:01,55 56
1307,56,DPB1*10:01,55 56
1308,56,DPB1*105:01,55 56
1309,56,DPB1*14:01,55 56
1310,56,DPB1*17:01,55 56
1311,56,DPB1*18:01,55 56
1312,56,DPB1*20:01,55 56
1313,56,DPB1*28:01,55 56
1314,56,DPB1*02:01,55 56 57
1315,56,DPB1*04:02,55 56 57
1316,56,DPB1*10:01,55 56 57
1317,56,DPB1*105:01,55 56 57
1318,56,DPB1*18:01,55 56 57
1319,56,DPB1*28:01,55 56 57
1320,57,DPB1*03:01,55 56 57
1321,57,DPB1*06:01,55 56 57
1322,57,DPB1*09:01,55 56 57
1323,57,DPB1*14:01,55 56 57
1324,57,DPB1*17:01,55 56 57
1325,57,DPB1*20:01,55 56 57
1326,69,DPB1*02:01,69
1327,69,DPB1*06:01,69
1328,69,DPB1*09:01,69
1329,69,DPB1*10:01,69
1330,69,DPB1*13:01,69
1331,69,DPB1*17:01,69
1332,69,DPB1*19:01,69
1333,84,DPB1*01:01,84 85 86 87
1334,84,DPB1*03:01,84 85 86 87
1335,84,DPB1*05:01,84 85 86 87
1336,84,DPB1*06:01,84 85 86 87
1337,84,DPB1*09:01,84 85 86 87
1338,84,DPB1*10:01,84 85 86 87
1339,84,DPB1*11:01,84 85 86 87
1340,84,DPB1*13:01,84 85 86 87
1341,84,DPB1*14:01,84 85 86 87
1342,84,DPB1*17:01,84 85 86 87
1343,84,DPB1*19:01,84 85 86 87
1344,84,DPB1*20:01,84 85 86 87
1345,85,DPB1*02:01,85 86 87
1346,85,DPB1*04:01,85 86 87
1347,85,DPB1*04:02,85 86 87
1348,85,DPB1*105:01,85 86 87
1349,85,DPB1*15:01,85 86 87
1350,85,DPB1*18:01,85 86 87
1351,85,DPB1*23:01,85 86 87
1352,85,DPB1*28:01,85 86 87
1353,96,DPB1*01:01,96 170
1354,96,DPB1*03:01,96 170
1355,96,DPB1*05:01,96 170
1356,96,DPB1*06:01,96 170
1357,96,DPB1*09:01,96 170
1358,96,DPB1*10:01,96 170
1359,96,DPB1*11:01,96 170
1360,96,DPB1*13:01,96 170
1361,96,DPB1*14:01,96 170
1362,96,DPB1*15:01,96 170
1363,96,DPB1*18:01,96 170
1364,96,DPB1*19:01,96 170
1365,96,DPB1*20:01,96 170
1366,50,DPA1*01:03,50
1367,50,DPA1*01:04,50
1368,50,DPA1*01:05,50
1369,50,DPA1*03:01,50
1370,50,DPA1*02:01,50
1371,50,DPA1*02:02,50
1372,50,DPA1*04:01,50
1373,58,DPB1*02:01,57 58
1374,58,DPB1*03:01,57 58
1375,58,DPB1*04:02,57 58
1376,58,DPB1*06:01,57 58
1377,58,DPB1*09:01,57 58
1378,58,DPB1*10:01,57 58
1379,58,DPB1*14:01,57 58
1380,58,DPB1*17:01,57 58
1381,58,DPB1*18:01,57 58
1382,58,DPB1*20:01,57 58
1383,58,DPB1*28:01,57 58
1384,58,DRB1*11:01,57 58
1385,58,DRB1*11:04,57 58
1386,58,DPB1*02:01,57 58 59
1387,58,DPB1*04:02,57 58 59
1388,58,DPB1*10:01,57 58 59
1389,58,DPB1*18:01,57 58 59
1390,58,DPB1*28:01,57 58 59
1391,58,DRB1*11:01,57 58 59
1392,58,DRB1*11:04,57 58 59
1393,67,DPB1*02:01,67 71
1394,67,DPB1*09:01,67 71
1395,67,DPB1*10:01,67 71
1396,67,DPB1*13:01,67 71
1397,67,DPB1*17:01,67 71
1398,67,DPB1*19:01,67 71
1399,67,DRB1*01:03,67 71
1400,67,DRB1*04:02,67 71
1401,67,DRB1*13:01,67 71
1402,70,DQB1*02:01,70 71
1403,70,DQB1*02:02,70 71
1404,70,DRB1*09:01,70 71
1405,70,DRB1*09:02,70 71
1406,70,DRB1*10:01,70 71
1407,70,DRB1*14:01,70 71
1408,70,DRB1*14:54,70 71
1409,70,DRB4*01:01,70 71
1410,70,DRB4*01:03,70 71
1411,75,DQB1*04:01,75 77
1412,75,DQB1*04:02,75 77
1413,75,DRB1*01:01,75 77
1414,75,DRB1*01:02,75 77
1415,75,DRB1*01:03,75 77
1416,75,DRB1*04:01,75 77
1417,75,DRB1*04:02,75 77
1418,75,DRB1*04:03,75 77
1419,75,DRB1*04:04,75 77
1420,75,DRB1*04:05,75 77
1421,75,DRB1*07:01,75 77
1422,75,DRB1*08:01,75 77
1423,75,DRB1*09:01,75 77
1424,75,DRB1*09:02,75 77
1425,75,DRB1*10:01,75 77
1426,75,DRB1*11:01,75 77
1427,75,DRB1*11:04,75 77
1428,75,DRB1*12:01,75 77
1429,75,DRB1*12:02,75 77
1430,75,DRB1*13:01,75 77
1431,75,DRB1*13:03,75 77
1432,75,DRB1*14:01,75 77
1433,75,DRB1*14:02,75 77
1434,75,DRB1*14:54,75 77
1435,75,DRB1*15:01,75 77
1436,75,DRB1*15:02,75 77
1437,75,DRB1*15:03,75 77
1438,75,DRB1*16:01,75 77
1439,75,DRB1*16:02,75 77
1440,75,DRB4*01:01,75 77
1441,75,DRB4*01:03,75 77
1442,75,DRB5*01:01,75 77
1443,75,DRB5*02:02,75 77
